Family,PDB,Chain,Filename,L,Meff,From_One,Add_Tail,Unmodelled_Regions,PPV_mfdca,PPV_coconet,PPV_barnacle_gauss,PPV_barnacle_vanilla,GAUSS_mfdca,GAUSS_coconet,GAUSS_barnacle_gauss,GAUSS_barnacle_vanilla,RMSD_mfdca,RMSD_coconet,RMSD_barnacle_gauss,RMSD_barnacle_vanilla,Remark
RF02977,7wii,V,7wii_V,50,2.574936,False,0,"[(1,1)]",0.6,0.88,0.48,0.48,7.371479513823988,5.399244227044715,11.841569881412486,11.841569881412486,7.606477502760394,7.459932975570223,9.520246845539248,9.520246845539248,"bound"
# RF00028,7yga,N,7yga_N,393,9.0,False,0,[],0.3010204081632653,0.3877551020408163,0.4897959183673469,0.4897959183673469,49.637243390930294,22.46250042152136,67.13406142145188,67.13406142145188,39.004925330014416,42.93540497072317,45.54723372500244,37.90548245307003,dynamic
RF00168,8eyu,B,8eyu_B,49,3.1018467,False,0,"[(7, 10)]",0.9166666666666666,1.0,0.7916666666666666,0.7916666666666666,3.941690701291278,2.338027389694023,7.87055079054276,7.87055079054276,14.364376074163472,13.285966280252255,12.556910448036172,12.556910448036172,bound
RF00059,8f4o,A,8f4o_A,83,67.5262,True,1,"[(1, 3), (20, 23), (45, 47), (83, 83)]",0.6097560975609756,0.975609756097561,0.8780487804878049,0.8780487804878049,19.95908532713768,5.986637907357011,10.330413570065252,10.37313906352511,16.760322192607156,14.935601762232414,14.795881183626747,14.662980597409245,normal
RF00522,8fb3,A,8fb3_A,34,5.7780747,False,0,[],0.6470588235294118,1.0,0.8235294117647058,0.8235294117647058,10.564223221960717,2.746264501534717,4.9457502462954785,4.9457502462954785,11.469952048722783,14.63907100877648,12.930568432980818,12.930568432980818,normal
RF01079,8hb8,A,8hb8_A,55,2.0,False,0,[],0.2222222222222222,0.4444444444444444,0.074074074074074,0.074074074074074,8.340252931568534,5.578114407221911,10.359146984156231,10.359146984156231,21.371637747257463,20.552036395452397,16.356665308063256,16.356665308063256,normal
RF01684,8k2z,A,8k2z_A,57,4.601727,False,0,[],0.5,0.8214285714285714,0.6785714285714286,0.7857142857142857,18.956664804903017,10.411308649867332,13.008240665448124,10.567458893950516,16.090981946419554,7.279059005118724,12.76272306367258,11.895440302905984,normal
RF00174,8sa3,A,8sa3_A,210,294.5048,False,0,[],0.780952380952381,0.9523809523809524,0.9523809523809524,0.9428571428571428,28.79484687661509,17.04049599906237,21.788344569388187,22.28934789788776,35.66057066284834,29.512800612615536,26.913167780846607,35.49877603523817,dimer
RF00386,8sp9,C,8sp9_C,153,3.9999938,False,2,"[(44, 58), (152, 153)]",0.0131578947368421,0.0921052631578947,0.0789473684210526,0.1184210526315789,33.15668141469287,16.55420897355986,41.288988899943014,42.567954910921685,40.24074924749787,40.36373000603388,39.32924992928291,37.26481852900937,bound
RF00163,8t5o,A,8t5o_A,124,4.0,True,7,"[(1, 4), (113, 114), (118, 124)]",0.0161290322580645,0.0,0.0967741935483871,0.0967741935483871,10.099917634085372,8.224704861263165,35.911421896100336,35.911421896100336,28.964643964668372,31.27512909645618,29.11029886483476,29.11029886483476,normal
RF01750,8vvj,A,8vvj_A,64,53.520058,False,0,[],0.5,0.90625,0.78125,0.78125,15.825118791467714,5.759029074449262,7.582214235506724,9.55210459456363,24.102680348874067,23.13449804944987,22.992216074141268,21.267703214028543,bound
RF03493,8vxz,A,8vxz_A,36,2.0,False,0,[],0.7222222222222222,0.8333333333333334,0.6111111111111112,0.6111111111111112,7.074890282291158,3.6973826982678375,6.8503931487816265,6.8503931487816265,13.118357366682766,14.74408355917722,12.676821368150614,12.676821368150614,bound
RF03300,8xtr,A,8xtr_A,219,2.0,False,0,"[(137, 210)]",0.4311926605504587,0.4403669724770642,0.146788990825688,0.146788990825688,10.073340858685713,9.567734708193685,43.7571169861873,43.7571169861873,36.2807138849279,54.63877469343543,28.918141364894115,30.12255135276559,complex
RF01136,8z8u,A,8z8u_A,41,1.9999998,False,0,[],0.2,0.1,0.7,0.7,6.03366831994752,6.945627153058343,7.670108765352281,7.670108765352281,15.966546276512023,14.014963431989395,11.686633390331025,11.686633390331025,normal
RF00419,8zau,A,8zau_A,69,7.9359026,False,0,"[(63, 63)]",0.088235294117647,0.1176470588235294,0.2058823529411764,0.2058823529411764,25.039417956221943,17.621594504449725,15.404488776237972,15.404488776237972,17.215231627834694,18.403575739513233,20.730371439026364,20.730371439026364,normal
RF00250,9de7,A,9de7_A,58,1.9462442,False,0,[],0.4137931034482758,0.6206896551724138,0.4827586206896552,0.4827586206896552,19.37251803880394,7.7888161143313726,14.484110062885373,14.484110062885373,24.217299601730993,21.505373747042853,17.200863350425177,17.15936770396858,normal
RF03072,9ely,A,9ely_A,205,51.8212,True,0,"[(1, 3)]",0.8235294117647058,0.9705882352941176,0.8921568627450981,0.9509803921568628,37.3137360229899,14.026846829583862,28.325688082246263,22.374594230244796,30.20514525705844,28.40432713513911,34.85335277989766,33.973510269031664,normal
RF03013,9is7,A,9is7_A,153,9.144511,False,0,"[(111, 140)]",0.0,0.0,0.0263157894736842,0.0789473684210526,11.598609353204498,8.168667551325802,39.09214072412236,42.55823534180835,31.447871152114573,40.65724412696955,29.021798703733023,34.281869843986044,complex
RF00167,9iwf,A,9iwf_A,69,44.6877,False,0,[],0.7941176470588235,1.0,1.0,1.0,17.188370222397612,3.89102042254762,6.873791144869938,8.121096174590646,12.394547188179162,25.68166661258572,11.615446612162616,9.317660650613972,normal
RF00176,9jgm,C,9jgm_C,105,2.0000005,False,0,[],0.1923076923076923,0.3846153846153846,0.0,0.0,17.26032736771551,11.311958779126137,27.149841346167022,27.149841346167022,25.653699538273223,26.6745028069878,25.43584871790206,26.613237307775993,bound
RF02933,9kph,A,9kph_A,255,14.809521,True,0,"[(1, 6)]",0.4881889763779528,0.905511811023622,0.7795275590551181,0.7795275590551181,64.96282957991001,20.603979825306993,38.41883837395586,38.41883837395586,36.48144871026917,25.122117745126506,25.02860763206775,30.135374562132125,dimer
