,RNA,Clustering File,threshold,cluster,configuration,RMSD,lam,size
0,3npq_A,gauss,3.5,1,1,5.925065400482935,0.05,51
1,3npq_A,gauss,3.5,1,1,10.02926717163323,0.1,51
2,3npq_A,gauss,3.5,1,1,8.932698360517946,0.15,51
3,3npq_A,gauss,3.5,1,1,7.821470449985732,0.2,51
4,3npq_A,gauss,3.5,1,1,5.504952315869775,0.25,51
5,3npq_A,gauss,3.5,1,1,12.906602961275286,0.3,51
6,3npq_A,gauss,3.5,1,1,13.236899183721238,0.4,51
7,3npq_A,gauss,3.5,1,1,12.98808299942682,0.5,51
8,2h0s_B,gauss,3.5,1,1,6.685319738052923,0.05,123
9,2h0s_B,gauss,3.5,1,1,16.840813519542337,0.1,123
10,2h0s_B,gauss,3.5,1,1,9.987096675210468,0.15,123
11,2h0s_B,gauss,3.5,1,1,12.913380657287231,0.2,123
12,2h0s_B,gauss,3.5,1,1,14.014567421080109,0.25,123
13,2h0s_B,gauss,3.5,1,1,23.604870260181478,0.3,123
14,2h0s_B,gauss,3.5,1,1,28.761462062975866,0.4,123
15,2h0s_B,gauss,3.5,1,1,23.663524674063243,0.5,123
16,4lvv_A,gauss,3.5,1,1,5.654369991431406,0.05,89
17,4lvv_A,gauss,3.5,1,1,6.551625752437329,0.1,89
18,4lvv_A,gauss,3.5,1,1,11.585551346396942,0.15,89
19,4lvv_A,gauss,3.5,1,1,14.168627315304754,0.2,89
20,4lvv_A,gauss,3.5,1,1,12.946130696080587,0.25,89
21,4lvv_A,gauss,3.5,1,1,18.69288099785584,0.3,89
22,4lvv_A,gauss,3.5,1,1,15.260124508011067,0.4,89
23,4lvv_A,gauss,3.5,1,1,21.261632110447213,0.5,89
24,1ehz_A,gauss,3.5,1,1,6.344273007997055,0.05,76
25,1ehz_A,gauss,3.5,1,1,14.724873513887989,0.1,76
26,1ehz_A,gauss,3.5,1,1,15.847835814394342,0.15,76
27,1ehz_A,gauss,3.5,1,1,11.664171637968982,0.2,76
28,1ehz_A,gauss,3.5,1,1,13.327520399534192,0.25,76
29,1ehz_A,gauss,3.5,1,1,14.454279643067654,0.3,76
30,1ehz_A,gauss,3.5,1,1,18.684362445638865,0.4,76
31,1ehz_A,gauss,3.5,1,1,19.672361322423903,0.5,76
32,5k7d_A,gauss,3.5,1,1,6.957592974585392,0.05,47
33,5k7d_A,gauss,3.5,1,1,6.880065406665841,0.1,47
34,5k7d_A,gauss,3.5,1,1,9.434537614530985,0.15,47
35,5k7d_A,gauss,3.5,1,1,10.179164995224314,0.2,47
36,5k7d_A,gauss,3.5,1,1,9.08580211098613,0.25,47
37,5k7d_A,gauss,3.5,1,1,6.598264923447679,0.3,47
38,5k7d_A,gauss,3.5,1,1,15.01106924905751,0.4,47
39,5k7d_A,gauss,3.5,1,1,15.091325322846897,0.5,47
40,3zp8_A,gauss,3.5,1,1,13.41432070587251,0.05,43
41,3zp8_A,gauss,3.5,1,1,10.942111313635957,0.1,43
42,3zp8_A,gauss,3.5,1,1,13.37573549379622,0.15,43
43,3zp8_A,gauss,3.5,1,1,11.694943351722573,0.2,43
44,3zp8_A,gauss,3.5,1,1,9.921814350208333,0.25,43
45,3zp8_A,gauss,3.5,1,1,13.245878604305569,0.3,43
46,3zp8_A,gauss,3.5,1,1,13.047352221811137,0.4,43
47,3zp8_A,gauss,3.5,1,1,14.325149213882556,0.5,43
48,6fz0_A,gauss,3.5,1,1,5.90531963571829,0.05,48
49,6fz0_A,gauss,3.5,1,1,5.782698332093764,0.1,48
50,6fz0_A,gauss,3.5,1,1,11.464257498852685,0.15,48
51,6fz0_A,gauss,3.5,1,1,11.107155351393983,0.2,48
52,6fz0_A,gauss,3.5,1,1,14.320956671954566,0.25,48
53,6fz0_A,gauss,3.5,1,1,8.670859242312725,0.3,48
54,6fz0_A,gauss,3.5,1,1,16.721073530129576,0.4,48
55,6fz0_A,gauss,3.5,1,1,16.71137038067196,0.5,48
56,5kpy_A,gauss,3.5,1,1,6.277626940174129,0.05,71
57,5kpy_A,gauss,3.5,1,1,11.911876426491336,0.1,71
58,5kpy_A,gauss,3.5,1,1,12.460710252630063,0.15,71
59,5kpy_A,gauss,3.5,1,1,16.866445980110925,0.2,71
60,5kpy_A,gauss,3.5,1,1,6.476688968909963,0.25,71
61,5kpy_A,gauss,3.5,1,1,6.306996115426107,0.3,71
62,5kpy_A,gauss,3.5,1,1,11.292820728232606,0.4,71
63,5kpy_A,gauss,3.5,1,1,15.227984108213406,0.5,71
64,3dil_A,gauss,3.5,1,1,9.303768053858608,0.05,173
65,3dil_A,gauss,3.5,1,1,8.17701045615083,0.1,173
66,3dil_A,gauss,3.5,1,1,20.299421174013805,0.15,173
67,3dil_A,gauss,3.5,1,1,21.69764733790279,0.2,173
68,3dil_A,gauss,3.5,1,1,18.50206745204438,0.25,173
69,3dil_A,gauss,3.5,1,1,18.39196563720148,0.3,173
70,3dil_A,gauss,3.5,1,1,25.112054874103794,0.4,173
71,3dil_A,gauss,3.5,1,1,27.13155542905714,0.5,173
72,3slq_A,gauss,3.5,1,1,4.732261615760481,0.05,67
73,3slq_A,gauss,3.5,1,1,4.059876845422777,0.1,67
74,3slq_A,gauss,3.5,1,1,5.087710683598273,0.15,67
75,3slq_A,gauss,3.5,1,1,5.457792594080504,0.2,67
76,3slq_A,gauss,3.5,1,1,12.559796972881369,0.25,67
77,3slq_A,gauss,3.5,1,1,11.358833566876486,0.3,67
78,3slq_A,gauss,3.5,1,1,12.071843272673814,0.4,67
79,3slq_A,gauss,3.5,1,1,12.715954545373306,0.5,67
80,3cw5,gauss,3.5,1,1,3.8865923377683953,0.05,77
81,3cw5,gauss,3.5,1,1,21.39294977323137,0.1,77
82,3cw5,gauss,3.5,1,1,18.012515093678616,0.15,77
83,3cw5,gauss,3.5,1,1,15.567029260587905,0.2,77
84,3cw5,gauss,3.5,1,1,17.488524809142707,0.25,77
85,3cw5,gauss,3.5,1,1,19.219529130548437,0.3,77
86,3cw5,gauss,3.5,1,1,15.269145359187593,0.4,77
87,3cw5,gauss,3.5,1,1,18.01415832060993,0.5,77
88,1nbs_A,gauss,3.5,1,1,14.604807427693116,0.05,120
89,1nbs_A,gauss,3.5,1,1,13.498644376380911,0.1,120
90,1nbs_A,gauss,3.5,1,1,17.731821677425025,0.15,120
91,1nbs_A,gauss,3.5,1,1,16.914904670142246,0.2,120
92,1nbs_A,gauss,3.5,1,1,23.222818519723226,0.25,120
93,1nbs_A,gauss,3.5,1,1,24.416662343571858,0.3,120
94,1nbs_A,gauss,3.5,1,1,21.43790334897515,0.4,120
95,1nbs_A,gauss,3.5,1,1,23.39628389296044,0.5,120
96,5dun_A,gauss,3.5,1,1,3.669850133179828,0.05,54
97,5dun_A,gauss,3.5,1,1,3.522683636093369,0.1,54
98,5dun_A,gauss,3.5,1,1,5.16966149762245,0.15,54
99,5dun_A,gauss,3.5,1,1,3.346684926909015,0.2,54
100,5dun_A,gauss,3.5,1,1,3.328257802514703,0.25,54
101,5dun_A,gauss,3.5,1,1,6.091904464122858,0.3,54
102,5dun_A,gauss,3.5,1,1,8.559369135631433,0.4,54
103,5dun_A,gauss,3.5,1,1,17.88467220834645,0.5,54
104,6cb3_A,gauss,3.5,1,1,9.63276699604013,0.05,99
105,6cb3_A,gauss,3.5,1,1,11.8822472621975,0.1,99
106,6cb3_A,gauss,3.5,1,1,10.321080369806253,0.15,99
107,6cb3_A,gauss,3.5,1,1,17.177820001385506,0.2,99
108,6cb3_A,gauss,3.5,1,1,12.074721528880076,0.25,99
109,6cb3_A,gauss,3.5,1,1,15.939388319505865,0.3,99
110,6cb3_A,gauss,3.5,1,1,21.972899216990005,0.4,99
111,6cb3_A,gauss,3.5,1,1,17.96310663554609,0.5,99
112,4yaz_A,gauss,3.5,1,1,6.712272342508162,0.05,84
113,4yaz_A,gauss,3.5,1,1,11.87556314454182,0.1,84
114,4yaz_A,gauss,3.5,1,1,6.124671419757961,0.15,84
115,4yaz_A,gauss,3.5,1,1,10.204048216271815,0.2,84
116,4yaz_A,gauss,3.5,1,1,10.748344058505012,0.25,84
117,4yaz_A,gauss,3.5,1,1,16.44596607074209,0.3,84
118,4yaz_A,gauss,3.5,1,1,15.215400093326497,0.4,84
119,4yaz_A,gauss,3.5,1,1,20.2201112756582,0.5,84
120,2oiu,gauss,3.5,1,1,14.13493190645077,0.05,71
121,2oiu,gauss,3.5,1,1,13.687457762491908,0.1,71
122,2oiu,gauss,3.5,1,1,11.102193476966614,0.15,71
123,2oiu,gauss,3.5,1,1,13.853086298727803,0.2,71
124,2oiu,gauss,3.5,1,1,17.39552816099586,0.25,71
125,2oiu,gauss,3.5,1,1,18.077961721388835,0.3,71
126,2oiu,gauss,3.5,1,1,20.513841668493008,0.4,71
127,2oiu,gauss,3.5,1,1,18.225317555532467,0.5,71
128,6d3p,gauss,3.5,1,1,10.33211014265721,0.05,45
129,6d3p,gauss,3.5,1,1,12.818865004359784,0.1,45
130,6d3p,gauss,3.5,1,1,8.690362478055793,0.15,45
131,6d3p,gauss,3.5,1,1,16.123073528331997,0.2,45
132,6d3p,gauss,3.5,1,1,13.860429286281143,0.25,45
133,6d3p,gauss,3.5,1,1,12.3898547206979,0.3,45
134,6d3p,gauss,3.5,1,1,12.813024623405669,0.4,45
135,6d3p,gauss,3.5,1,1,15.401314878931604,0.5,45
136,5u3g_B,gauss,3.5,1,1,4.667515399010484,0.05,85
137,5u3g_B,gauss,3.5,1,1,5.2875703305015245,0.1,85
138,5u3g_B,gauss,3.5,1,1,4.192195129046357,0.15,85
139,5u3g_B,gauss,3.5,1,1,14.718831475358362,0.2,85
140,5u3g_B,gauss,3.5,1,1,5.328348712312287,0.25,85
141,5u3g_B,gauss,3.5,1,1,18.134254878544088,0.3,85
142,5u3g_B,gauss,3.5,1,1,17.364791965353344,0.4,85
143,5u3g_B,gauss,3.5,1,1,17.790089937940166,0.5,85
144,3e5c_A,gauss,3.5,1,1,4.878688348316584,0.05,53
145,3e5c_A,gauss,3.5,1,1,7.414094685125083,0.1,53
146,3e5c_A,gauss,3.5,1,1,13.167000417710938,0.15,53
147,3e5c_A,gauss,3.5,1,1,8.47053127023329,0.2,53
148,3e5c_A,gauss,3.5,1,1,18.038542069690667,0.25,53
149,3e5c_A,gauss,3.5,1,1,13.20862975482317,0.3,53
150,3e5c_A,gauss,3.5,1,1,18.147669271837636,0.4,53
151,3e5c_A,gauss,3.5,1,1,14.633823833844659,0.5,53
152,4p5j_A,gauss,3.5,1,1,5.947924007584495,0.05,84
153,4p5j_A,gauss,3.5,1,1,6.461075761821711,0.1,84
154,4p5j_A,gauss,3.5,1,1,10.269936708665735,0.15,84
155,4p5j_A,gauss,3.5,1,1,11.196829908505354,0.2,84
156,4p5j_A,gauss,3.5,1,1,13.715232407801189,0.25,84
157,4p5j_A,gauss,3.5,1,1,12.924650865690726,0.3,84
158,4p5j_A,gauss,3.5,1,1,17.059261414258238,0.4,84
159,4p5j_A,gauss,3.5,1,1,16.7035235803707,0.5,84
160,4tzx_X,gauss,3.5,1,1,5.684769124599521,0.05,71
161,4tzx_X,gauss,3.5,1,1,5.757282344995771,0.1,71
162,4tzx_X,gauss,3.5,1,1,6.9244638781641425,0.15,71
163,4tzx_X,gauss,3.5,1,1,13.361291105278712,0.2,71
164,4tzx_X,gauss,3.5,1,1,16.29473534611716,0.25,71
165,4tzx_X,gauss,3.5,1,1,5.495525452584129,0.3,71
166,4tzx_X,gauss,3.5,1,1,17.418573420346455,0.4,71
167,4tzx_X,gauss,3.5,1,1,16.18056550309661,0.5,71
168,4pqv_A,gauss,3.5,1,1,10.775425745649217,0.05,68
169,4pqv_A,gauss,3.5,1,1,14.091909026104306,0.1,68
170,4pqv_A,gauss,3.5,1,1,14.055753270458329,0.15,68
171,4pqv_A,gauss,3.5,1,1,13.29963533334655,0.2,68
172,4pqv_A,gauss,3.5,1,1,14.056546517548327,0.25,68
173,4pqv_A,gauss,3.5,1,1,11.852581997185254,0.3,68
174,4pqv_A,gauss,3.5,1,1,12.440518477941344,0.4,68
175,4pqv_A,gauss,3.5,1,1,14.373273809400557,0.5,68
176,1u9s,gauss,3.5,1,1,7.771917395340741,0.05,155
177,1u9s,gauss,3.5,1,1,22.254810715887924,0.1,155
178,1u9s,gauss,3.5,1,1,30.32539035198063,0.15,155
179,1u9s,gauss,3.5,1,1,14.569354824425137,0.2,155
180,1u9s,gauss,3.5,1,1,20.78458563455139,0.25,155
181,1u9s,gauss,3.5,1,1,10.123452968231739,0.3,155
182,1u9s,gauss,3.5,1,1,25.23023582925851,0.4,155
183,1u9s,gauss,3.5,1,1,24.78895520186359,0.5,155
184,3ox0_A,gauss,3.5,1,1,11.579995682209903,0.05,87
185,3ox0_A,gauss,3.5,1,1,15.930426861826396,0.1,87
186,3ox0_A,gauss,3.5,1,1,14.67016018999111,0.15,87
187,3ox0_A,gauss,3.5,1,1,18.487309160610693,0.2,87
188,3ox0_A,gauss,3.5,1,1,17.473285323601857,0.25,87
189,3ox0_A,gauss,3.5,1,1,22.38538362414189,0.3,87
190,3ox0_A,gauss,3.5,1,1,18.03960365418265,0.4,87
191,3ox0_A,gauss,3.5,1,1,22.98043733265318,0.5,87
192,1xjr,gauss,3.5,1,1,6.764584244430695,0.05,47
193,1xjr,gauss,3.5,1,1,6.328032869699714,0.1,47
194,1xjr,gauss,3.5,1,1,5.535882946739391,0.15,47
195,1xjr,gauss,3.5,1,1,11.065152506856831,0.2,47
196,1xjr,gauss,3.5,1,1,12.977757895722974,0.25,47
197,1xjr,gauss,3.5,1,1,16.86028469510524,0.3,47
198,1xjr,gauss,3.5,1,1,16.45643643077079,0.4,47
199,1xjr,gauss,3.5,1,1,17.43089785409805,0.5,47
200,3nkb_B,gauss,3.5,1,1,6.758239415705839,0.05,64
201,3nkb_B,gauss,3.5,1,1,6.49649905718457,0.1,64
202,3nkb_B,gauss,3.5,1,1,16.638623741163208,0.15,64
203,3nkb_B,gauss,3.5,1,1,7.787778887462073,0.2,64
204,3nkb_B,gauss,3.5,1,1,16.07045736748024,0.25,64
205,3nkb_B,gauss,3.5,1,1,16.639693506792725,0.3,64
206,3nkb_B,gauss,3.5,1,1,17.833090029492926,0.4,64
207,3nkb_B,gauss,3.5,1,1,16.619244868525165,0.5,64
208,4wfl_A,gauss,3.5,1,1,10.353521140172555,0.05,106
209,4wfl_A,gauss,3.5,1,1,15.214049428077983,0.1,106
210,4wfl_A,gauss,3.5,1,1,5.176350065441865,0.15,106
211,4wfl_A,gauss,3.5,1,1,18.198461473432307,0.2,106
212,4wfl_A,gauss,3.5,1,1,13.561032409075645,0.25,106
213,4wfl_A,gauss,3.5,1,1,9.887087538805348,0.3,106
214,4wfl_A,gauss,3.5,1,1,23.134960557563094,0.4,106
215,4wfl_A,gauss,3.5,1,1,18.73615755698057,0.5,106
216,4l81,gauss,3.5,1,1,7.136392646148333,0.05,96
217,4l81,gauss,3.5,1,1,8.493126632754278,0.1,96
218,4l81,gauss,3.5,1,1,8.588934741864092,0.15,96
219,4l81,gauss,3.5,1,1,7.229488225317198,0.2,96
220,4l81,gauss,3.5,1,1,14.512029492803547,0.25,96
221,4l81,gauss,3.5,1,1,7.488664767500278,0.3,96
222,4l81,gauss,3.5,1,1,19.36130677407907,0.4,96
223,4l81,gauss,3.5,1,1,20.472310568179644,0.5,96
224,4xwf_A,gauss,3.5,1,1,8.740869521964047,0.05,64
225,4xwf_A,gauss,3.5,1,1,23.76169817163748,0.1,64
226,4xwf_A,gauss,3.5,1,1,19.657504928143858,0.15,64
227,4xwf_A,gauss,3.5,1,1,21.495664679185893,0.2,64
228,4xwf_A,gauss,3.5,1,1,22.228816882596337,0.25,64
229,4xwf_A,gauss,3.5,1,1,20.23335118066209,0.3,64
230,4xwf_A,gauss,3.5,1,1,23.284552819412273,0.4,64
231,4xwf_A,gauss,3.5,1,1,23.329470632656882,0.5,64
232,3f2q,gauss,3.5,1,1,9.319742485712789,0.05,108
233,3f2q,gauss,3.5,1,1,15.217838217039896,0.1,108
234,3f2q,gauss,3.5,1,1,13.4340872410447,0.15,108
235,3f2q,gauss,3.5,1,1,11.133651692055038,0.2,108
236,3f2q,gauss,3.5,1,1,10.75855938311445,0.25,108
237,3f2q,gauss,3.5,1,1,15.689786486756281,0.3,108
238,3f2q,gauss,3.5,1,1,19.649615772324914,0.5,108
239,4jf2_A,gauss,3.5,1,1,6.180121358031734,0.05,77
240,4jf2_A,gauss,3.5,1,1,11.510251952064298,0.1,77
241,4jf2_A,gauss,3.5,1,1,16.69322018066017,0.15,77
242,4jf2_A,gauss,3.5,1,1,9.787348977123479,0.2,77
243,4jf2_A,gauss,3.5,1,1,11.419671624000403,0.25,77
244,4jf2_A,gauss,3.5,1,1,20.340840690590937,0.3,77
245,4jf2_A,gauss,3.5,1,1,17.933878554289365,0.4,77
246,4jf2_A,gauss,3.5,1,1,19.28806107414636,0.5,77
247,4jrc_A,gauss,3.5,1,1,9.943575815570574,0.05,57
248,4jrc_A,gauss,3.5,1,1,11.66072038940991,0.1,57
249,4jrc_A,gauss,3.5,1,1,9.503615101633693,0.15,57
250,4jrc_A,gauss,3.5,1,1,13.137385584658768,0.2,57
251,4jrc_A,gauss,3.5,1,1,6.7150949360377625,0.25,57
252,4jrc_A,gauss,3.5,1,1,7.592390927764455,0.3,57
253,4jrc_A,gauss,3.5,1,1,16.548193254854137,0.4,57
254,4jrc_A,gauss,3.5,1,1,13.270052750460339,0.5,57
255,1kxk,gauss,3.5,1,1,8.131740281145236,0.05,70
256,1kxk,gauss,3.5,1,1,6.191599147231675,0.1,70
257,1kxk,gauss,3.5,1,1,9.771310045229349,0.15,70
258,1kxk,gauss,3.5,1,1,18.04682520555901,0.2,70
259,1kxk,gauss,3.5,1,1,27.79258534213757,0.25,70
260,1kxk,gauss,3.5,1,1,19.613933822668006,0.3,70
261,1kxk,gauss,3.5,1,1,20.16498450284552,0.4,70
262,1kxk,gauss,3.5,1,1,18.28806988175625,0.5,70
263,4p95_A,gauss,3.5,1,1,6.722492097429345,0.05,189
264,4p95_A,gauss,3.5,1,1,15.548887420005329,0.1,189
265,4p95_A,gauss,3.5,1,1,21.92575882381269,0.15,189
266,4p95_A,gauss,3.5,1,1,12.290309190577755,0.2,189
267,4p95_A,gauss,3.5,1,1,21.15138293351052,0.25,189
268,4p95_A,gauss,3.5,1,1,18.819877789188748,0.3,189
269,4p95_A,gauss,3.5,1,1,27.24515186230387,0.4,189
270,4p95_A,gauss,3.5,1,1,22.8054796046915,0.5,189
271,1gid_A,gauss,3.5,1,1,9.322794645383969,0.05,158
272,1gid_A,gauss,3.5,1,1,25.47078718846357,0.1,158
273,1gid_A,gauss,3.5,1,1,10.477399486513816,0.15,158
274,1gid_A,gauss,3.5,1,1,21.132155592840025,0.2,158
275,1gid_A,gauss,3.5,1,1,26.898840123693066,0.25,158
276,1gid_A,gauss,3.5,1,1,28.12736567828562,0.3,158
277,1gid_A,gauss,3.5,1,1,23.52157095093778,0.4,158
278,1gid_A,gauss,3.5,1,1,27.88301812932022,0.5,158
279,3gx5_A,gauss,3.5,1,1,11.671863604412108,0.05,94
280,3gx5_A,gauss,3.5,1,1,19.01983175530215,0.1,94
281,3gx5_A,gauss,3.5,1,1,8.836390665877104,0.15,94
282,3gx5_A,gauss,3.5,1,1,20.25272080486965,0.2,94
283,3gx5_A,gauss,3.5,1,1,8.34668197549182,0.25,94
284,3gx5_A,gauss,3.5,1,1,10.469388711858969,0.3,94
285,3gx5_A,gauss,3.5,1,1,18.285155181184546,0.4,94
286,3gx5_A,gauss,3.5,1,1,20.535591055530883,0.5,94
287,3q3z_A,gauss,3.5,1,1,15.044909438079047,0.05,75
288,3q3z_A,gauss,3.5,1,1,9.12821997982082,0.1,75
289,3q3z_A,gauss,3.5,1,1,12.763765118490703,0.15,75
290,3q3z_A,gauss,3.5,1,1,5.543626971577362,0.2,75
291,3q3z_A,gauss,3.5,1,1,12.556289260764903,0.25,75
292,3q3z_A,gauss,3.5,1,1,13.058437885137716,0.3,75
293,3q3z_A,gauss,3.5,1,1,19.72520975807355,0.4,75
294,3q3z_A,gauss,3.5,1,1,17.191367019524655,0.5,75
295,4frg,gauss,3.5,1,1,18.712324815479235,0.05,84
296,4frg,gauss,3.5,1,1,15.33039464593133,0.1,84
297,4frg,gauss,3.5,1,1,16.98072731068961,0.15,84
298,4frg,gauss,3.5,1,1,19.856575737019714,0.2,84
299,4frg,gauss,3.5,1,1,16.661197435958798,0.25,84
300,4frg,gauss,3.5,1,1,17.20209289592403,0.3,84
301,4frg,gauss,3.5,1,1,20.635481579066674,0.4,84
302,4frg,gauss,3.5,1,1,16.737138345607352,0.5,84
303,3r4f,gauss,3.5,1,1,13.154379498858926,0.05,66
304,3r4f,gauss,3.5,1,1,13.344339623975403,0.1,66
305,3r4f,gauss,3.5,1,1,16.357218589968163,0.15,66
306,3r4f,gauss,3.5,1,1,15.097844216973494,0.2,66
307,3r4f,gauss,3.5,1,1,19.962407169477334,0.25,66
308,3r4f,gauss,3.5,1,1,17.347319677690844,0.3,66
309,3r4f,gauss,3.5,1,1,17.723481599279527,0.4,66
310,3r4f,gauss,3.5,1,1,18.91204113785712,0.5,66
311,4qln_A,gauss,3.5,1,1,17.83647106352599,0.05,117
312,4qln_A,gauss,3.5,1,1,16.747295304018497,0.1,117
313,4qln_A,gauss,3.5,1,1,17.578924881800933,0.15,117
314,4qln_A,gauss,3.5,1,1,15.630582202848364,0.2,117
315,4qln_A,gauss,3.5,1,1,14.667613984557953,0.25,117
316,4qln_A,gauss,3.5,1,1,25.164643848065882,0.3,117
317,4qln_A,gauss,3.5,1,1,22.402727512515078,0.4,117
318,4qln_A,gauss,3.5,1,1,18.113127835909513,0.5,117
319,4k27_U,gauss,3.5,1,1,5.534121429820636,0.05,55
320,4k27_U,gauss,3.5,1,1,3.7082071139568242,0.1,55
321,4k27_U,gauss,3.5,1,1,4.710382150102049,0.15,55
322,4k27_U,gauss,3.5,1,1,4.569704585637894,0.2,55
323,4k27_U,gauss,3.5,1,1,10.043848863856923,0.25,55
324,4k27_U,gauss,3.5,1,1,13.628958140665045,0.3,55
325,4k27_U,gauss,3.5,1,1,11.822470131068211,0.4,55
326,4k27_U,gauss,3.5,1,1,22.61477835398791,0.5,55
327,3d2g_A,gauss,3.5,1,1,10.614249855736391,0.05,77
328,3d2g_A,gauss,3.5,1,1,12.382366494333787,0.1,77
329,3d2g_A,gauss,3.5,1,1,11.133826835369769,0.15,77
330,3d2g_A,gauss,3.5,1,1,12.930715370775122,0.2,77
331,3d2g_A,gauss,3.5,1,1,15.972382414655616,0.25,77
332,3d2g_A,gauss,3.5,1,1,11.775287682260675,0.3,77
333,3d2g_A,gauss,3.5,1,1,17.849876750274777,0.4,77
334,3d2g_A,gauss,3.5,1,1,17.275245294929967,0.5,77
335,3suh,gauss,3.5,1,1,11.633847171078017,0.05,101
336,3suh,gauss,3.5,1,1,9.470168953086318,0.1,101
337,3suh,gauss,3.5,1,1,13.488728628006422,0.15,101
338,3suh,gauss,3.5,1,1,15.75537051293939,0.2,101
339,3suh,gauss,3.5,1,1,14.63725384079951,0.25,101
340,3suh,gauss,3.5,1,1,21.06720674413198,0.3,101
341,3suh,gauss,3.5,1,1,16.997411567647585,0.4,101
342,3suh,gauss,3.5,1,1,19.59139351858361,0.5,101
343,5m0h_A,gauss,3.5,1,1,3.808805587057444,0.05,42
344,5m0h_A,gauss,3.5,1,1,4.413094152632595,0.1,42
345,5m0h_A,gauss,3.5,1,1,5.336206517742731,0.15,42
346,5m0h_A,gauss,3.5,1,1,15.568320397525225,0.2,42
347,5m0h_A,gauss,3.5,1,1,11.649399126135219,0.25,42
348,5m0h_A,gauss,3.5,1,1,6.1787134583180015,0.3,42
349,5m0h_A,gauss,3.5,1,1,16.61361489863058,0.4,42
350,5m0h_A,gauss,3.5,1,1,16.31841904107135,0.5,42
351,4gxy,gauss,3.5,1,1,10.267804049552174,0.05,162
352,4gxy,gauss,3.5,1,1,26.854483796937895,0.1,162
353,4gxy,gauss,3.5,1,1,19.569243725806064,0.15,162
354,4gxy,gauss,3.5,1,1,26.247550361890916,0.2,162
355,4gxy,gauss,3.5,1,1,14.982786790180256,0.25,162
356,4gxy,gauss,3.5,1,1,25.02810420307539,0.3,162
357,4gxy,gauss,3.5,1,1,22.032877705828625,0.4,162
358,4gxy,gauss,3.5,1,1,26.59490552718697,0.5,162
359,4plx_A,gauss,3.5,1,1,3.649534216855625,0.05,76
360,4plx_A,gauss,3.5,1,1,4.136351048931896,0.1,76
361,4plx_A,gauss,3.5,1,1,8.982755701899055,0.15,76
362,4plx_A,gauss,3.5,1,1,16.33752429225432,0.2,76
363,4plx_A,gauss,3.5,1,1,9.864425984313533,0.25,76
364,4plx_A,gauss,3.5,1,1,10.645027007950707,0.3,76
365,4plx_A,gauss,3.5,1,1,21.841554431862214,0.4,76
366,4plx_A,gauss,3.5,1,1,20.92059989579649,0.5,76
367,6dnr_A,gauss,3.5,1,1,12.550864512056531,0.05,107
368,6dnr_A,gauss,3.5,1,1,8.31741546395273,0.1,107
369,6dnr_A,gauss,3.5,1,1,10.302892797656394,0.15,107
370,6dnr_A,gauss,3.5,1,1,16.641460272464073,0.2,107
371,6dnr_A,gauss,3.5,1,1,17.993212609203503,0.25,107
372,6dnr_A,gauss,3.5,1,1,12.252587481834194,0.3,107
373,6dnr_A,gauss,3.5,1,1,21.41194759941281,0.4,107
374,6dnr_A,gauss,3.5,1,1,20.730824875050196,0.5,107
375,6cu1_A,gauss,3.5,1,1,7.022414114818351,0.05,80
376,6cu1_A,gauss,3.5,1,1,4.876494642671107,0.1,80
377,6cu1_A,gauss,3.5,1,1,15.773452380503134,0.15,80
378,6cu1_A,gauss,3.5,1,1,12.454440975009677,0.2,80
379,6cu1_A,gauss,3.5,1,1,17.824073608465604,0.25,80
380,6cu1_A,gauss,3.5,1,1,17.394312288791415,0.3,80
381,6cu1_A,gauss,3.5,1,1,17.420645797443907,0.4,80
382,6cu1_A,gauss,3.5,1,1,23.999435410025793,0.5,80
383,5ob3_A,gauss,3.5,1,1,8.794873506765176,0.05,69
384,5ob3_A,gauss,3.5,1,1,14.02038872499618,0.1,69
385,5ob3_A,gauss,3.5,1,1,18.31777551996967,0.15,69
386,5ob3_A,gauss,3.5,1,1,17.76587740585868,0.2,69
387,5ob3_A,gauss,3.5,1,1,21.460598780089992,0.25,69
388,5ob3_A,gauss,3.5,1,1,19.67753795575046,0.3,69
389,5ob3_A,gauss,3.5,1,1,16.694711737553302,0.4,69
390,5ob3_A,gauss,3.5,1,1,21.417553548433116,0.5,69
391,4enc_A,gauss,3.5,1,1,5.6619784528025185,0.05,52
392,4enc_A,gauss,3.5,1,1,6.01405021595264,0.1,52
393,4enc_A,gauss,3.5,1,1,14.502175698839123,0.15,52
394,4enc_A,gauss,3.5,1,1,10.47822504053048,0.2,52
395,4enc_A,gauss,3.5,1,1,8.987936359365257,0.25,52
396,4enc_A,gauss,3.5,1,1,16.19260633746155,0.3,52
397,4enc_A,gauss,3.5,1,1,11.648519219196919,0.4,52
398,4enc_A,gauss,3.5,1,1,10.244993899461337,0.5,52
399,4r4v,gauss,3.5,1,1,25.903244970466538,0.05,186
400,4r4v,gauss,3.5,1,1,22.362063858239917,0.1,186
401,4r4v,gauss,3.5,1,1,29.587630861561053,0.15,186
402,4r4v,gauss,3.5,1,1,25.319326610318846,0.2,186
403,4r4v,gauss,3.5,1,1,31.771098501625655,0.25,186
404,4r4v,gauss,3.5,1,1,30.074981296752288,0.3,186
405,4r4v,gauss,3.5,1,1,30.22920773027305,0.4,186
406,4r4v,gauss,3.5,1,1,31.256711279339672,0.5,186
407,1z43_A,gauss,3.5,1,1,7.4268162761711025,0.05,101
408,1z43_A,gauss,3.5,1,1,15.543821923838422,0.1,101
409,1z43_A,gauss,3.5,1,1,17.477886027778073,0.15,101
410,1z43_A,gauss,3.5,1,1,10.740558644688832,0.2,101
411,1z43_A,gauss,3.5,1,1,18.974514486542205,0.25,101
412,1z43_A,gauss,3.5,1,1,16.9759300187059,0.3,101
413,1z43_A,gauss,3.5,1,1,18.47622797001596,0.4,101
414,1z43_A,gauss,3.5,1,1,18.901542265116888,0.5,101
415,5nwq_A,gauss,3.5,1,1,3.9160311541150947,0.05,41
416,5nwq_A,gauss,3.5,1,1,4.03985148241863,0.1,41
417,5nwq_A,gauss,3.5,1,1,3.7719888653070015,0.15,41
418,5nwq_A,gauss,3.5,1,1,7.192113736586762,0.2,41
419,5nwq_A,gauss,3.5,1,1,4.498099598719442,0.25,41
420,5nwq_A,gauss,3.5,1,1,10.78497102453224,0.3,41
421,5nwq_A,gauss,3.5,1,1,11.336895518615314,0.4,41
422,5nwq_A,gauss,3.5,1,1,11.684913350128019,0.5,41
423,4oji_A,gauss,3.5,1,1,3.77176351326538,0.05,52
424,4oji_A,gauss,3.5,1,1,4.728879359848378,0.1,52
425,4oji_A,gauss,3.5,1,1,3.8046287598134985,0.15,52
426,4oji_A,gauss,3.5,1,1,4.348769941029302,0.2,52
427,4oji_A,gauss,3.5,1,1,5.147844208986903,0.25,52
428,4oji_A,gauss,3.5,1,1,8.125263072664172,0.3,52
429,4oji_A,gauss,3.5,1,1,9.73992299764223,0.4,52
430,4oji_A,gauss,3.5,1,1,13.298785658848706,0.5,52
431,3pdr_A,gauss,3.5,1,1,15.490290507282296,0.05,161
432,3pdr_A,gauss,3.5,1,1,15.113312012924236,0.1,161
433,3pdr_A,gauss,3.5,1,1,9.590641271573032,0.15,161
434,3pdr_A,gauss,3.5,1,1,14.624352977140562,0.2,161
435,3pdr_A,gauss,3.5,1,1,20.438143262048047,0.25,161
436,3pdr_A,gauss,3.5,1,1,19.980462957599357,0.3,161
437,3pdr_A,gauss,3.5,1,1,21.071485472078137,0.4,161
438,3pdr_A,gauss,3.5,1,1,21.55562107664727,0.5,161
439,4y1o_A,gauss,3.5,1,1,11.31263452958682,0.05,258
440,4y1o_A,gauss,3.5,1,1,24.19378845902394,0.1,258
441,4y1o_A,gauss,3.5,1,1,22.666080384574656,0.15,258
442,4y1o_A,gauss,3.5,1,1,28.012045623267145,0.2,258
443,4y1o_A,gauss,3.5,1,1,17.448269255143902,0.25,258
444,4y1o_A,gauss,3.5,1,1,24.43633974227728,0.3,258
445,4y1o_A,gauss,3.5,1,1,24.426319821045492,0.4,258
446,4y1o_A,gauss,3.5,1,1,35.88451197940415,0.5,258
