,RNA,Clustering File,threshold,cluster,configuration,RMSD,size
0,3npq_A,rnd,3.5,1,1,4.674248602716805,51
1,3npq_A,gauss,3.5,1,1,3.996636085509913,51
2,3npq_A,big,3.5,1,1,11.523857860976939,51
3,2h0s_B,rnd,3.5,1,1,9.071152076776135,123
4,2h0s_B,gauss,3.5,1,1,8.981553317773045,123
5,2h0s_B,big,3.5,1,1,39.91978582106873,123
6,4lvv_A,rnd,3.5,1,1,4.793735495414823,89
7,4lvv_A,gauss,3.5,1,1,5.032335441919587,89
8,4lvv_A,big,3.5,1,1,27.75844916417342,89
9,1ehz_A,rnd,3.5,1,1,8.434038178713681,76
10,1ehz_A,gauss,3.5,1,1,5.023176285976832,76
11,1ehz_A,big,3.5,1,1,21.19956603329417,76
12,5k7d_A,rnd,3.5,1,1,7.1357200057177135,47
13,5k7d_A,gauss,3.5,1,1,6.699208908520467,47
14,5k7d_A,big,3.5,1,1,8.592572373858715,47
15,3zp8_A,rnd,3.5,1,1,11.066250494182752,43
16,3zp8_A,gauss,3.5,1,1,12.798648366136167,43
17,3zp8_A,big,3.5,1,1,23.72460537079595,43
18,6fz0_A,rnd,3.5,1,1,6.146649493829952,48
19,6fz0_A,gauss,3.5,1,1,5.586975926205517,48
20,6fz0_A,big,3.5,1,1,7.215379407903648,48
21,5kpy_A,rnd,3.5,1,1,5.303743960637617,71
22,5kpy_A,gauss,3.5,1,1,8.268089259314996,71
23,5kpy_A,big,3.5,1,1,9.530655801150306,71
24,3dil_A,rnd,3.5,1,1,9.92077113938226,173
25,3dil_A,gauss,3.5,1,1,9.851512574219251,173
26,3dil_A,big,3.5,1,1,33.37961653464581,173
27,3slq_A,rnd,3.5,1,1,5.099431340845761,67
28,3slq_A,gauss,3.5,1,1,3.9893107174047,67
29,3slq_A,big,3.5,1,1,9.014044597182776,67
30,3cw5,rnd,3.5,1,1,6.20011290219783,77
31,3cw5,gauss,3.5,1,1,4.102511425943869,77
32,3cw5,big,3.5,1,1,18.635865957878103,77
33,1nbs_A,rnd,3.5,1,1,13.48271856859736,120
34,1nbs_A,gauss,3.5,1,1,7.57292545850017,120
35,1nbs_A,big,3.5,1,1,28.899484424466813,120
36,5dun_A,rnd,3.5,1,1,3.297696165507065,54
37,5dun_A,gauss,3.5,1,1,3.218990524993822,54
38,5dun_A,big,3.5,1,1,14.187755284046874,54
39,6cb3_A,rnd,3.5,1,1,6.209106215873586,99
40,6cb3_A,gauss,3.5,1,1,9.466039298460577,99
41,6cb3_A,big,3.5,1,1,20.763125968890137,99
42,4yaz_A,rnd,3.5,1,1,6.488959855015286,84
43,4yaz_A,gauss,3.5,1,1,6.67558237159875,84
44,4yaz_A,big,3.5,1,1,19.086458550501188,84
45,2oiu,rnd,3.5,1,1,10.251477942228624,71
46,2oiu,gauss,3.5,1,1,8.426606671727356,71
47,2oiu,big,3.5,1,1,13.406435022033262,71
48,6d3p,rnd,3.5,1,1,8.227162329746509,45
49,6d3p,gauss,3.5,1,1,8.399244013600272,45
50,6d3p,big,3.5,1,1,12.801796748894274,45
51,5u3g_B,rnd,3.5,1,1,6.782654347672451,85
52,5u3g_B,gauss,3.5,1,1,4.575183056447032,85
53,5u3g_B,big,3.5,1,1,23.499057427905484,85
54,3e5c_A,rnd,3.5,1,1,5.81221128315205,53
55,3e5c_A,gauss,3.5,1,1,4.470145411505089,53
56,3e5c_A,big,3.5,1,1,14.517017600044438,53
57,4p5j_A,rnd,3.5,1,1,8.792843681085204,84
58,4p5j_A,gauss,3.5,1,1,7.752264185384809,84
59,4p5j_A,big,3.5,1,1,14.972090702370194,84
60,4tzx_X,rnd,3.5,1,1,4.208336963694804,71
61,4tzx_X,gauss,3.5,1,1,3.893378995166024,71
62,4tzx_X,big,3.5,1,1,9.276200730902712,71
63,4pqv_A,rnd,3.5,1,1,12.914054359495317,68
64,4pqv_A,gauss,3.5,1,1,10.373818004958444,68
65,4pqv_A,big,3.5,1,1,21.991355119682826,68
66,1u9s,rnd,3.5,1,1,13.653457437587008,155
67,1u9s,gauss,3.5,1,1,7.21788750258689,155
68,1u9s,big,3.5,1,1,22.876446402358912,155
69,3ox0_A,rnd,3.5,1,1,9.707105644835643,87
70,3ox0_A,gauss,3.5,1,1,12.092456326156402,87
71,3ox0_A,big,3.5,1,1,16.884913384438786,87
72,1xjr,rnd,3.5,1,1,8.56388346487737,47
73,1xjr,gauss,3.5,1,1,6.751007332243092,47
74,1xjr,big,3.5,1,1,10.179798622762632,47
75,3nkb_B,rnd,3.5,1,1,7.203637969803869,64
76,3nkb_B,gauss,3.5,1,1,8.47756450874896,64
77,3nkb_B,big,3.5,1,1,19.515808976314563,64
78,4wfl_A,rnd,3.5,1,1,8.168837126543778,106
79,4wfl_A,gauss,3.5,1,1,5.229177755632333,106
80,4wfl_A,big,3.5,1,1,23.262340810847046,106
81,4l81,rnd,3.5,1,1,5.724796939630261,96
82,4l81,gauss,3.5,1,1,8.263128947317718,96
83,4l81,big,3.5,1,1,22.711290143890988,96
84,4xwf_A,rnd,3.5,1,1,9.626318091565436,64
85,4xwf_A,gauss,3.5,1,1,8.474225628339147,64
86,4xwf_A,big,3.5,1,1,12.357613038123503,64
87,3f2q,rnd,3.5,1,1,11.03730039457113,108
88,3f2q,gauss,3.5,1,1,8.207563584889245,108
89,3f2q,big,3.5,1,1,23.88273016219042,108
90,4jf2_A,rnd,3.5,1,1,5.888641609064012,77
91,4jf2_A,gauss,3.5,1,1,4.67678308241894,77
92,4jf2_A,big,3.5,1,1,12.999726920208747,77
93,4jrc_A,rnd,3.5,1,1,10.746408702445668,57
94,4jrc_A,gauss,3.5,1,1,6.3193591447234585,57
95,4jrc_A,big,3.5,1,1,15.138209933806573,57
96,1kxk,rnd,3.5,1,1,8.758858373098631,70
97,1kxk,gauss,3.5,1,1,5.950689035733593,70
98,1kxk,big,3.5,1,1,9.93931084130082,70
99,4p95_A,rnd,3.5,1,1,8.88338899294633,189
100,4p95_A,gauss,3.5,1,1,6.792142519117219,189
101,4p95_A,big,3.5,1,1,30.791232518364705,189
102,1gid_A,rnd,3.5,1,1,16.259209697891222,158
103,1gid_A,gauss,3.5,1,1,11.344130640996692,158
104,1gid_A,big,3.5,1,1,30.195027736367457,158
105,3gx5_A,rnd,3.5,1,1,5.535070008590678,94
106,3gx5_A,gauss,3.5,1,1,4.1591946335799195,94
107,3gx5_A,big,3.5,1,1,17.2508028798662,94
108,3q3z_A,rnd,3.5,1,1,4.990681316213248,75
109,3q3z_A,gauss,3.5,1,1,5.0984605519705655,75
110,3q3z_A,big,3.5,1,1,24.113149939400284,75
111,4frg,rnd,3.5,1,1,7.21036060124596,84
112,4frg,gauss,3.5,1,1,8.75163984633737,84
113,4frg,big,3.5,1,1,9.643059680412644,84
114,3r4f,rnd,3.5,1,1,6.813207761399912,66
115,3r4f,gauss,3.5,1,1,18.37832146851284,66
116,3r4f,big,3.5,1,1,12.492974025427252,66
117,4qln_A,rnd,3.5,1,1,14.36355805502244,117
118,4qln_A,gauss,3.5,1,1,20.10395234773501,117
119,4qln_A,big,3.5,1,1,17.764042332757484,117
120,4k27_U,rnd,3.5,1,1,3.4911745874418827,55
121,4k27_U,gauss,3.5,1,1,3.3497761119215115,55
122,4k27_U,big,3.5,1,1,4.551988576435578,55
123,3d2g_A,rnd,3.5,1,1,6.325654116374053,77
124,3d2g_A,gauss,3.5,1,1,5.364671471767866,77
125,3d2g_A,big,3.5,1,1,24.56621256929932,77
126,3suh,rnd,3.5,1,1,16.037855218201717,101
127,3suh,gauss,3.5,1,1,10.143253915780676,101
128,3suh,big,3.5,1,1,25.72285559575375,101
129,5m0h_A,rnd,3.5,1,1,3.93818486107496,42
130,5m0h_A,gauss,3.5,1,1,4.025208069156177,42
131,5m0h_A,big,3.5,1,1,4.122523499023384,42
132,4gxy,rnd,3.5,1,1,15.225353854672804,162
133,4gxy,gauss,3.5,1,1,16.0211547648726,162
134,4gxy,big,3.5,1,1,26.535694827910575,162
135,4plx_A,rnd,3.5,1,1,8.16600881704153,76
136,4plx_A,gauss,3.5,1,1,4.473320914041379,76
137,4plx_A,big,3.5,1,1,4.553526106217027,76
138,6dnr_A,rnd,3.5,1,1,8.23445201576887,107
139,6dnr_A,gauss,3.5,1,1,5.297810868651315,107
140,6dnr_A,big,3.5,1,1,24.87809277255795,107
141,6cu1_A,rnd,3.5,1,1,5.001789679704656,80
142,6cu1_A,gauss,3.5,1,1,6.745798692519664,80
143,6cu1_A,big,3.5,1,1,16.20154930863095,80
144,5ob3_A,rnd,3.5,1,1,10.809579085237315,69
145,5ob3_A,gauss,3.5,1,1,4.890869043431852,69
146,5ob3_A,big,3.5,1,1,8.759252251191308,69
147,4enc_A,rnd,3.5,1,1,6.199524175289584,52
148,4enc_A,gauss,3.5,1,1,5.310150656996466,52
149,4enc_A,big,3.5,1,1,11.063182182356034,52
150,4r4v,rnd,3.5,1,1,22.41147920151635,186
151,4r4v,gauss,3.5,1,1,18.543378872255186,186
152,4r4v,big,3.5,1,1,32.572532907343884,186
153,1z43_A,rnd,3.5,1,1,10.01184298718273,101
154,1z43_A,gauss,3.5,1,1,10.631363976461346,101
155,1z43_A,big,3.5,1,1,19.298051715134356,101
156,5nwq_A,rnd,3.5,1,1,3.7464650005038083,41
157,5nwq_A,gauss,3.5,1,1,3.7416707498121746,41
158,5nwq_A,big,3.5,1,1,8.623386805658203,41
159,4oji_A,rnd,3.5,1,1,4.0204228633316665,52
160,4oji_A,gauss,3.5,1,1,4.0323194317910875,52
161,4oji_A,big,3.5,1,1,18.387006281610937,52
162,3pdr_A,rnd,3.5,1,1,18.105330706728335,161
163,3pdr_A,gauss,3.5,1,1,9.154299536283483,161
164,3pdr_A,big,3.5,1,1,30.641883101402236,161
165,4y1o_A,rnd,3.5,1,1,11.733085698144372,258
166,4y1o_A,gauss,3.5,1,1,9.574753260528441,258
167,4y1o_A,big,3.5,1,1,33.074375277546814,258
